number,apps
1,is
2,is
3,is
4,is
5,is
6,is
7,is
8,is
9,is
10,is
11,is
12,is
13,is
14,is
15,is
16,is
17,is
18,is
19,is
20,is
21,is
22,is
23,is
24,is
25,is
26,is
27,is
28,is
29,is
30,is
31,ft
32,ft
33,ft
34,ft
35,ft
36,ft
37,ft
38,ft
39,ft
40,ft
41,ft
42,ft
43,ft
44,ft
45,ft
46,ft
47,ft
48,ft
49,ft
50,ft
51,ft
52,ft
53,ft
54,ft
55,ft
56,ft
57,ft
58,ft
59,ft
60,ft
61,is
62,is
63,is
64,is
65,is
66,is
67,is
68,is
69,is
70,is
71,is
72,is
73,is
74,is
75,is
76,is
77,is
78,is
79,is
80,is
81,is
82,is
83,is
84,is
85,is
86,is
87,is
88,is
89,is
90,is
91,ft
92,ft
93,ft
94,ft
95,ft
96,ft
97,ft
98,ft
99,ft
100,ft
101,ft
102,ft
103,ft
104,ft
105,ft
106,ft
107,ft
108,ft
109,ft
110,ft
111,ft
112,ft
113,ft
114,ft
115,ft
116,ft
117,ft
118,ft
119,ft
120,ft
121,bt
122,bt
123,bt
124,bt
125,bt
126,bt
127,bt
128,bt
129,bt
130,bt
131,bt
132,bt
133,bt
134,bt
135,bt
136,bt
137,bt
138,bt
139,bt
140,bt
141,bt
142,bt
143,bt
144,bt
145,bt
146,bt
147,bt
148,bt
149,bt
150,bt
151,sp
152,sp
153,sp
154,sp
155,sp
156,sp
157,sp
158,sp
159,sp
160,sp
161,sp
162,sp
163,sp
164,sp
165,sp
166,sp
167,sp
168,sp
169,sp
170,sp
171,sp
172,sp
173,sp
174,sp
175,sp
176,sp
177,sp
178,sp
179,sp
180,sp
181,bt
182,bt
183,bt
184,bt
185,bt
186,bt
187,bt
188,bt
189,bt
190,bt
191,bt
192,bt
193,bt
194,bt
195,bt
196,bt
197,bt
198,bt
199,bt
200,bt
201,bt
202,bt
203,bt
204,bt
205,bt
206,bt
207,bt
208,bt
209,bt
210,bt
211,sp
212,sp
213,sp
214,sp
215,sp
216,sp
217,sp
218,sp
219,sp
220,sp
221,sp
222,sp
223,sp
224,sp
225,sp
226,sp
227,sp
228,sp
229,sp
230,sp
231,sp
232,sp
233,sp
234,sp
235,sp
236,sp
237,sp
238,sp
239,sp
240,sp
241,bt
242,bt
243,bt
244,bt
245,bt
246,bt
247,bt
248,bt
249,bt
250,bt
251,bt
252,bt
253,bt
254,bt
255,bt
256,bt
257,bt
258,bt
259,bt
260,bt
261,bt
262,bt
263,bt
264,bt
265,bt
266,bt
267,bt
268,bt
269,bt
270,bt
271,sp
272,sp
273,sp
274,sp
275,sp
276,sp
277,sp
278,sp
279,sp
280,sp
281,sp
282,sp
283,sp
284,sp
285,sp
286,sp
287,sp
288,sp
289,sp
290,sp
291,sp
292,sp
293,sp
294,sp
295,sp
296,sp
297,sp
298,sp
299,sp
300,sp
301,bt
302,bt
303,bt
304,bt
305,bt
306,bt
307,bt
308,bt
309,bt
310,bt
311,bt
312,bt
313,bt
314,bt
315,bt
316,bt
317,bt
318,bt
319,bt
320,bt
321,bt
322,bt
323,bt
324,bt
325,bt
326,bt
327,bt
328,bt
329,bt
330,bt
331,sp
332,sp
333,sp
334,sp
335,sp
336,sp
337,sp
338,sp
339,sp
340,sp
341,sp
342,sp
343,sp
344,sp
345,sp
346,sp
347,sp
348,sp
349,sp
350,sp
351,sp
352,sp
353,sp
354,sp
355,sp
356,sp
357,sp
358,sp
359,sp
360,sp
